address,signature,nonce,steward,chain,notes
0x22A755d4eE7AE10beB077CE93FaE37D10412c1Ad,d7024cefe4db9b192b3172fe6e27ad74feb78247cac7612e7a023356e112f67a046377dbb2b406fe29644b86a2f847fead607d719ed82e353361763d62b309da1b,1731264037,Echo Steward,ethereum,owner_claimed
0x34260A7DA2981A0B5dA5FB59Cf794b6C6697878B,d9729727fd8501ef98fbc601472a7bb94fafac027fd6a4a3a1051a862de1746a5df6b5652cfdc5d6a241533d7af62580e15c0b9bb66513189a52eaa68baff73a1b,1731264074,Echo Steward,ethereum,owner_claimed
0xa185ed6C9fc70E65b61BA33aF3B1343095b9E8Fc,60c48831a5ae08e9f8c18b8cfda08fc17a44e21f9cb15f48e8ad320dd81fd19a264d97fd144f5b2c5f04f9b7ed2d98bb1380948ec598466ad8ef896a0ff440471c,1731264111,Echo Steward,ethereum,owner_claimed
0x61Bc4035364b920504b8AD9Fc047Dd8b74c09ea7,8cc3b456e48b1ea631997b2b2e7e8ab9f0bf875b762c7653f8e0294c382ef22426ef15c1c80edd0fe56c8ef929d8cc7e32f892ff2c6ef0c7413893af07e39ad11c,1731264148,Echo Steward,ethereum,owner_claimed
0xa84A00d64fFDd8EF3e74ec00C5002fca1d769771,250def22a282847dd934c2ae212cfb3520301e76aa534ade2173b4b54bb0a80e4abdea5d3d9b36cd58fa4108c023027efdf946dd81ce0d3f1db49935995e4dc01b,1731264185,Echo Steward,ethereum,owner_claimed
0x25D5dcf3C9D565272edba7d150f86204Ec365c5e,791d7c5e7f9e9ab69932da98a3fd75d23d4cb845c0d0e6566b0b84983e089e7d487e649c9d8ec0978c5e17110e2a1016d135f68b37a3424b20868cb4b770de1d1b,1731264222,Echo Steward,ethereum,owner_claimed
0xB686866b2C03F482f230E767c6B07D938deB3050,8aff6e6c7f0ac6859250452b108fc272c7a75affa8146720171931a30d968e41061142468e7baff655770f0e0e594a55b30086d5b119d44ecb7b68676067b0e61c,1731264259,Echo Steward,ethereum,owner_claimed
0x9c8F8a87fDbBD57D99F19a8ceC0356814e5D782B,e5d2aa48ad3ded21eeab03d82ba536e61cb7c0826c4d41aad0c5b0f5efa0810a5b7b90f7723e6aaede2b311349271a62ca0169f82e21838f047b1620465ff8a81b,1731264296,Echo Steward,ethereum,owner_claimed
0x0eF0bE0529b901d31dc742F3C09ce78758661422,3723afab91d5174286d0bc36d7ea30f0a4294e91fc0239472ab00c4bad0c0a052ea55c5c3a45e57b5c9e3abd6fa323fff673cbfed0d3078182452b83c4134e7c1b,1731264333,Echo Steward,ethereum,owner_claimed
0x0f330F70b8e0112EA2225e41EAD0685B1De599D7,accd583ca381a485c5c39a00f395ae14adfa8000c126256de1ef836483d19d910223c514feb3d66384101e68a9a2c6df03777c1e919f10811d58af14c41ff27e1b,1731264370,Echo Steward,ethereum,owner_claimed
